Park,Lat,Lng
Great Smoky Mountains National Park,35.6117644,-83.4895449
Grand Canyon National Park,36.1069652,-112.1129972
Yosemite National Park,37.8651011,-119.5383294
Rocky Mountain National Park,40.3427932,-105.6836389
Zion National Park,37.2982022,-113.0263005
Yellowstone National Park,44.427963,-110.588455
Olympic National Park,47.8021067,-123.6043524
Acadia National Park,44.3385559,-68.2733346
Grand Teton National Park,43.7904282,-110.6817627
Glacier National Park,48.7596128,-113.7870225
